<?xml version="1.0" encoding="UTF-8"?>
<assembly xmlns="http://maven.apache.org/plugins/maven-assembly-plugin/assembly/1.1.0" 
  xmlns:xsi="http://www.w3.org/2001/XMLSchema-instance"
  xsi:schemaLocation="http://maven.apache.org/plugins/maven-assembly-plugin/assembly/1.1.0 http://maven.apache.org/xsd/assembly-1.1.0.xsd">
    <id>assembly</id>
    <formats>
        <format>dir</format>
        <format>zip</format>
    </formats>
    
    <includeBaseDirectory>false</includeBaseDirectory>

    <fileSets>
        <fileSet>
            <directory>static</directory>
            <outputDirectory>static</outputDirectory>
        </fileSet>
        <fileSet>
            <directory>templates</directory>
            <outputDirectory>templates</outputDirectory>
        </fileSet>
        <fileSet>
            <directory>target/classes</directory>
            <outputDirectory>classes</outputDirectory>
        </fileSet>
    </fileSets>
    
    <files>
        <file>
            <source>src/main/resources/web</source>
            <outputDirectory>bin</outputDirectory>
            <fileMode>0755</fileMode>
        </file>
        <file>
            <source>routes.config</source>
        </file>
    </files>
    
    <dependencySets>
        <dependencySet>
            <outputDirectory>lib</outputDirectory>
        </dependencySet>
    </dependencySets>

</assembly>